state,year,state_year,pop,pop_density,pop_msa,white,black,unemploy,education,eth_percap,income,poverty,fs_s,handgun,dm_handgun,firearm_suicide,dm_firearm,WI_treated
California,1999,California 1999,33499204,215.04313,0.966187268,0.790838,0.074702,5.275,80.4,1.740897903,30640,14,0.497887553,2.22,0.0175,4.573242994,0.486151042,0
California,2000,California 2000,33871648,217.43398,0.966464047,0.789716,0.074308,4.9,81.2,1.765313338,33364,12.7,0.500842034,2.39,0.1875,4.390102306,0.303010354,0
California,2001,California 2001,34479458,221.33573,0.966897026,0.785923,0.073894,5.466666667,81,1.731473853,34043,12.6,0.512186507,2.3,0.0975,4.205402533,0.118310581,0
California,2002,California 2002,34871843,223.85458,0.966896944,0.783125,0.073622,6.766666667,80.2,1.743705086,34214,13.1,0.461586121,2.43,0.2275,4.272788221,0.185696269,0
California,2003,California 2003,35253159,226.30238,0.976861557,0.780399,0.073343,6.891666667,81.1,1.767475505,35415,13.1,0.443037975,2.33,0.1275,4.26912096,0.182029008,0
California,2004,California 2004,35574576,228.36567,0.976774289,0.777625,0.073175,6.216666667,81.3,1.791836142,37369,13.2,0.405581948,2.07,-0.1325,3.839820888,-0.247271064,0
California,2005,California 2005,35827943,229.99212,0.976763379,0.774434,0.072999,5.375,80.4,1.803087635,39279,13.2,0.414535246,2,-0.2025,3.709395206,-0.377696746,0
California,2006,California 2006,36021202,231.23272,0.976710009,0.771034,0.072928,4.883333333,80.1,1.834030108,42088,12.2,0.395620876,1.94,-0.2625,3.661732332,-0.42535962,0
California,2007,California 2007,36250311,232.70345,0.976918583,0.767782,0.07281,5.333333333,80.2,1.853514498,43629,12.7,0.394780677,1.97,-0.2325,3.922724966,-0.164366986,0
California,2008,California 2008,36604337,234.97607,0.977297043,0.764673,0.072733,7.275,80.2,1.853283779,43890,14.6,0.391523179,2.17,-0.0325,4.037772901,-0.049319051,0
California,2009,California 2009,36961229,237.26708,0.977424068,0.761542,0.072826,11.54166667,80.6,1.84569025,42044,15.3,0.397331938,2.22,0.0175,4.109711828,0.022619876,0
California,2010,California 2010,37253956,239.1462,0.977554867,0.759133,0.07298,12.475,80.7,1.756569638,43636,16.3,0.381293125,2.21,0.0075,4.004943797,-0.082148155,0
California,2011,California 2011,37691912,241.95759,0.977311658,0.757486,0.072947,11.89166667,81.1,1.825719348,46177,16.9,0.391391391,2.24,0.0375,4.149431316,0.062339364,0
California,2012,California 2012,38041430,244.20127,0.977659673,0.754876,0.072747,10.51666667,81.5,1.911826474,48819,15.9,0.397893655,2.28,0.0775,4.071876373,-0.015215579,0
California,2013,California 2013,38332521,246.06989,0.978225669,0.753206,0.072493,9.033333333,81.7,1.90022292,49312,15.1,0.390310559,2.29,0.0875,4.098347719,0.011255767,0
California,2014,California 2014,38802500,249.08685,0.978561098,0.750266,0.072381,7.558333333,82.1,1.893249043,52376,15.8,0.375415282,2.18,-0.0225,4.077056891,-0.010035061,0
California,2015,California 2015,39144818,251.28431,0.978877843,0.747691,0.07224,6.266666667,82.2,1.85782067,55853,13.9,0.37413007,2.09,-0.1125,3.982647205,-0.104444747,0
California,2016,California 2016,39250017,251.95962,0.979023907,0.746104,0.072083,5.508333333,82.4,1.91461061,58074,13.9,0.371448533,2.22,0.0175,4.063692507,-0.023399445,0
California,2017,California 2017,39536653,253.79963,0.979015497,0.742843,0.071877,4.825,83.3,1.892715097,60581,12.1,0.373376623,2.04,-0.1625,4.072170702,-0.01492125,0
California,2018,California 2018,39557045,253.93054,0.979005788,0.740749,0.072076,4.266666667,83.8,2.070224432,63759,11.9,0.362725451,2.35,0.1475,4.118103362,0.03101141,0
California,2019,California 2019,39512223,253.64281,0.979006344,0.739107,0.072209,4.15,84,2.106815655,66745,10.1,0.357529306,2.23,0.0275,4.013947785,-0.073144167,0
California,2020,California 2020,,,,,,,,,,,,2.14,-0.0625,3.94228,-0.144811952,0
Hawaii,1999,Hawaii 1999,1210300,188.4322,0.731279325,0.299701,0.025747,5.2,88,1.827553499,27809,10.8,0.169117647,,,1.900355284,-0.402391062,0
Hawaii,2000,Hawaii 2000,1211537,188.62479,0.729338848,0.297369,0.025173,4.225,87.4,1.885663418,29404,8.9,0.270072993,,,3.053971938,0.751225592,0
Hawaii,2001,Hawaii 2001,1225948,190.86844,0.723298307,0.298165,0.026537,4.308333333,89.1,1.853683843,30347,11.4,0.227941176,,,2.528655375,0.225909029,0
Hawaii,2002,Hawaii 2002,1239613,192.99595,0.723298616,0.299918,0.027362,4.016666667,87.9,1.858892251,31425,11.3,0.175,,,1.694077103,-0.608669243,0
Hawaii,2003,Hawaii 2003,1251154,194.79278,0.719859447,0.300128,0.026683,3.908333333,88.5,1.941960782,32603,9.3,0.183206107,,,1.918229091,-0.384517255,0
Hawaii,2004,Hawaii 2004,1273569,198.28258,0.717896962,0.30074,0.025844,3.3,88,2.048087697,34531,8.6,0.267241379,,,2.434104473,0.131358127,0
Hawaii,2005,Hawaii 2005,1292729,201.26561,0.712457085,0.302913,0.026122,2.808333333,87.2,2.030195811,36594,8.6,0.205607477,,,1.701826137,-0.600920209,0
Hawaii,2006,Hawaii 2006,1309731,203.91266,0.70999177,0.304769,0.025875,2.516666667,89,2.076106468,38711,9.2,0.175,,,1.603382679,-0.699363667,0
Hawaii,2007,Hawaii 2007,1315675,204.83808,0.705868373,0.302409,0.024947,2.766666667,89.4,2.104777396,40605,7.5,0.203007519,,,2.05217854,-0.250567806,0
Hawaii,2008,Hawaii 2008,1332213,207.41289,0.703578953,0.303086,0.024821,4.008333333,90.3,2.116112814,42080,9.9,0.210526316,,,2.101766009,-0.200980337,0
Hawaii,2009,Hawaii 2009,1346717,209.67103,0.700385584,0.302092,0.024724,6.683333333,90.4,2.058868344,41352,12.5,0.205714286,,,2.673167414,0.370421068,0
Hawaii,2010,Hawaii 2010,1360301,211.78593,0.69857186,0.301722,0.024546,6.841666667,89.9,2.054940046,41920,12.4,0.178743961,,,2.719986238,0.417239892,0
Hawaii,2011,Hawaii 2011,1374810,214.04484,0.700798656,0.305513,0.02826,6.841666667,90.6,2.084027611,43524,12.1,0.232044199,,,3.054967596,0.75222125,0
Hawaii,2012,Hawaii 2012,1392313,216.76989,0.814928109,0.306601,0.029836,5.916666667,90.4,2.097480954,44765,13.8,0.226315789,,,3.088386017,0.785639671,0
Hawaii,2013,Hawaii 2013,1404054,218.59785,0.815022072,0.311159,0.031529,4.75,91,2.119159235,44943,10.6,0.16374269,,,1.994225293,-0.308521053,0
Hawaii,2014,Hawaii 2014,1419561,221.01214,0.814521532,0.311872,0.032811,4.241666667,91.7,2.13454723,47230,10.8,0.161764706,,,2.324662343,0.021915997,0
Hawaii,2015,Hawaii 2015,1431603,222.88697,0.813237329,0.312744,0.034401,3.425,90.9,2.146188573,49456,10.9,0.218905473,,,3.073477773,0.770731427,0
Hawaii,2016,Hawaii 2016,1428557,222.41274,0.812248304,0.304949,0.030311,2.891666667,92,2.185462673,51122,9.3,0.212643678,,,2.590026159,0.287279813,0
Hawaii,2017,Hawaii 2017,1427538,222.25409,0.809962327,0.303544,0.030411,2.216666667,92.3,2.198822028,53382,10.6,0.13215859,,,2.10152024,-0.201226106,0
Hawaii,2018,Hawaii 2018,1420491,221.15694,0.808256441,0.303062,0.030577,2.358333333,92,2.210003442,55116,9.2,0.170454545,,,2.111945799,-0.190800547,0
Hawaii,2019,Hawaii 2019,1415872,220.4378,0.806836352,0.302657,0.030643,2.458333333,92.4,2.223551281,57026,8.4,0.183035714,,,2.895741988,0.592995642,0
Hawaii,2020,Hawaii 2020,,,,,,,,,,,,,,2.20326,-0.099486346,0
Illinois,1999,Illinois 1999,12359020,222.60884,NA,0.805223,0.155616,4.391666667,85.4,1.807328413,31024,9.9,0.471568627,0.72,0.23625,3.891894341,0.363587297,0
Illinois,2000,Illinois 2000,12419293,223.69446,NA,0.803711,0.15571,4.433333333,85.5,1.784362041,33169,10.7,0.429710867,0.62,0.13625,3.47040689,-0.057900154,0
Illinois,2001,Illinois 2001,12488445,224.94002,NA,0.801981,0.155364,5.441666667,86.2,1.818021059,34230,10.1,0.443371378,0.7,0.21625,4.043738031,0.515430987,0
Illinois,2002,Illinois 2002,12525556,225.60846,NA,0.80063,0.155062,6.558333333,85.9,1.807991837,34522,12.8,0.4069869,0.53,0.04625,3.720393729,0.192086685,0
Illinois,2003,Illinois 2003,12556006,226.15692,NA,0.799403,0.154694,6.75,85.9,1.885865139,35039,12.6,0.399604352,0.46,-0.02375,3.217583681,-0.310723363,0
Illinois,2004,Illinois 2004,12589773,226.76513,NA,0.798095,0.154449,6.191666667,86.8,1.787298468,36334,12.3,0.376459144,0.45,-0.03375,3.073923573,-0.454383471,0
Illinois,2005,Illinois 2005,12609903,227.1277,NA,0.796705,0.154232,5.716666667,87.2,1.843347249,37793,11.5,0.390423573,0.46,-0.02375,3.36243665,-0.165870394,0
Illinois,2006,Illinois 2006,12643955,227.74104,NA,0.795197,0.154053,4.583333333,85,1.897493387,40214,10.6,0.368316832,0.4,-0.08375,2.942117399,-0.586189645,0
Illinois,2007,Illinois 2007,12695866,228.67606,NA,0.793829,0.153684,5.083333333,85.7,1.930199011,42381,10,0.381768953,0.43,-0.05375,3.331793199,-0.196513845,0
Illinois,2008,Illinois 2008,12747038,229.59776,NA,0.79255,0.153387,6.483333333,85.9,1.89968446,43267,12.3,0.365609349,0.39,-0.09375,3.436092369,-0.092214675,0
Illinois,2009,Illinois 2009,12796778,230.49367,NA,0.791116,0.153228,10.19166667,86.4,1.913491662,41042,13.2,0.341546304,0.49,0.00625,3.141415753,-0.386891291,0
Illinois,2010,Illinois 2010,12830632,231.10344,0.872991681,0.79004,0.153215,10.5,86.9,1.916007489,42093,14.1,0.375212224,0.32,-0.16375,3.444880969,-0.083426075,0
Illinois,2011,Illinois 2011,12869257,231.79915,0.869721072,0.788878,0.153218,9.775,87.2,1.916516936,44139,14.2,0.376019576,0.49,0.00625,3.582180385,0.053873341,0
Illinois,2012,Illinois 2012,12875255,231.90718,0.881658189,0.787609,0.152883,9.025,87.6,1.925970631,46048,12.6,0.379256966,0.54,0.05625,3.805749867,0.277442823,0
Illinois,2013,Illinois 2013,12882135,232.03111,0.882894567,0.78632,0.152551,9.075,87.8,1.911399003,47122,13.6,0.375473126,0.44,-0.04375,3.850293449,0.321986405,0
Illinois,2014,Illinois 2014,12880580,232.0031,0.883568209,0.784237,0.152508,7.166666667,88.2,1.907003334,49459,13.7,0.381258941,0.3,-0.18375,4.138012419,0.609705375,0
Illinois,2015,Illinois 2015,12859995,231.63232,0.88446644,0.782175,0.152611,6.033333333,88.6,1.942835748,51751,10.9,0.363169479,0.44,-0.04375,3.849146131,0.320839087,0
Illinois,2016,Illinois 2016,12801539,230.57942,0.884987578,0.781669,0.152625,5.891666667,88.8,1.911629375,52413,12.1,0.357597173,0.5,0.01625,3.952649756,0.424342712,0
Illinois,2017,Illinois 2017,12802023,230.58814,0.885164165,0.78022,0.152341,4.941666667,89.1,1.963628405,54247,11.5,0.391451832,0.46,-0.02375,4.507100167,0.978793123,0
Illinois,2018,Illinois 2018,12741080,229.49044,0.887349973,0.778399,0.152286,4.366666667,89.5,1.975243857,57138,10.3,0.385080645,0.5,0.01625,4.497263968,0.968956924,0
Illinois,2019,Illinois 2019,12671821,228.24296,0.887834905,0.777675,0.152654,3.991666667,89.8,1.994562265,58786,9.3,0.375260598,0.44,-0.04375,4.261423832,0.733116788,0
Illinois,2020,Illinois 2020,,,,,,,,,,,,0.56,0.07625,4.31379,0.785482956,0
Iowa,1999,Iowa 1999,2917634,52.23399,0.446294876,0.961899,0.022378,2.666666667,89.7,1.577072381,25819,7.4,0.524590164,1.65,-0.701875,5.483895513,-0.153490127,0
Iowa,2000,Iowa 2000,2926324,52.38957,0.418527135,0.958651,0.023968,2.683333333,89.7,1.602667032,27463,8.3,0.543252595,1.33,-1.021875,5.365092861,-0.272292779,0
Iowa,2001,Iowa 2001,2931997,52.49113,0.453174096,0.956972,0.02496,3.341666667,87.8,1.614860793,28215,7.4,0.516447368,2.01,-0.341875,5.354712164,-0.282673476,0
Iowa,2002,Iowa 2002,2934234,52.53118,0.453174587,0.955454,0.025823,3.991666667,88.3,1.652852158,28848,9.2,0.5,2.04,-0.311875,5.350629841,-0.286755799,0
Iowa,2003,Iowa 2003,2941999,52.67019,0.540904709,0.953775,0.026733,4.45,89.7,1.682904719,29385,8.9,0.505681818,2.31,-0.041875,6.050307971,0.412922331,0
Iowa,2004,Iowa 2004,2953635,52.87851,0.543210904,0.952055,0.027731,4.516666667,89.8,1.724709722,31660,10.9,0.451895044,1.93,-0.421875,5.247770967,-0.389614673,0
Iowa,2005,Iowa 2005,2964454,53.0722,0.545106519,0.950251,0.028881,4.3,89.8,1.763191468,32574,11.3,0.510510511,2.46,0.108125,5.734614199,0.097228559,0
Iowa,2006,Iowa 2006,2982644,53.39786,0.547941122,0.948255,0.030185,3.666666667,88.9,1.796432293,34392,10.3,0.446107784,2.05,-0.301875,4.995567691,-0.641817949,0
Iowa,2007,Iowa 2007,2999212,53.69447,0.553940267,0.946093,0.031618,3.708333333,89.6,1.836432036,36640,8.9,0.413043478,1.97,-0.381875,4.434498128,-1.202887512,0
Iowa,2008,Iowa 2008,3016734,54.00816,0.562595523,0.94404,0.033023,4.15,90.3,1.876648057,38537,9.5,0.473684211,2.72,0.368125,5.966717649,0.329332009,0
Iowa,2009,Iowa 2009,3032870,54.29704,0.56673624,0.941833,0.034306,6.416666667,90.5,1.884864831,37136,10.7,0.443213296,2.44,0.088125,5.275531098,-0.361854542,0
Iowa,2010,Iowa 2010,3046355,54.53846,0.570690218,0.940142,0.035191,6.116666667,90.6,1.880319923,38104,10.3,0.475806452,2.95,0.598125,5.810222381,0.172836741,0
Iowa,2011,Iowa 2011,3062309,54.82409,0.565172228,0.938187,0.036167,5.633333333,90.6,1.933157627,40942,10.4,0.438388626,2.74,0.388125,6.0411931,0.40380746,0
Iowa,2012,Iowa 2012,3074186,55.03672,0.576742266,0.936084,0.037234,5.058333333,91.6,1.9640835,42896,10.3,0.45691906,2.83,0.478125,5.69256382,0.05517818,0
Iowa,2013,Iowa 2013,3090416,55.32728,0.581653408,0.933352,0.038702,4.758333333,91.6,1.911786633,43460,13.2,0.494407159,3.46,1.108125,7.151140817,1.513755177,0
Iowa,2014,Iowa 2014,3107126,55.62644,0.584756138,0.929789,0.040282,4.233333333,92.1,1.938393229,44783,10.3,0.476658477,2.74,0.388125,6.243712035,0.606326395,0
Iowa,2015,Iowa 2015,3123899,55.92672,0.589115717,0.926909,0.041591,3.708333333,91.7,1.9317654,46274,10.4,0.445727483,3.27,0.918125,6.178176695,0.540791055,0
Iowa,2016,Iowa 2016,3134693,56.11997,0.592665374,0.923488,0.043209,3.583333333,91.8,1.966294626,46520,9.8,0.505543237,3.45,1.098125,7.273439536,1.636053896,0
Iowa,2017,Iowa 2017,3145711,56.31722,0.596090359,0.920461,0.045006,3.091666667,92.1,1.936604793,47629,7.5,0.463465553,3.47,1.118125,7.05722808,1.41984244,0
Iowa,2018,Iowa 2018,3156145,56.50402,0.611289405,0.917577,0.046561,2.6,92.3,1.944013345,50154,8.9,0.471428571,3.14,0.788125,7.319055367,1.681669727,0
Iowa,2019,Iowa 2019,3155070,56.48477,0.613867838,0.916492,0.047776,2.775,92.6,1.961269956,51791,9.5,0.441287879,3.52,1.168125,7.384939161,1.747553521,0
Iowa,2020,Iowa 2020,,,,,,,,,,,,3.64,1.288125,8.21859,2.58120436,0
Maryland,1999,Maryland 1999,5254509,541.31132,0.927102282,0.66831,0.286141,3.466666667,84.7,1.663423738,33124,7.3,0.554022989,,,4.58653701,0.252699917,0
Maryland,2000,Maryland 2000,5296486,545.63573,0.926972525,0.665048,0.287886,3.533333333,85.7,1.674565929,35681,7.4,0.516877637,,,4.625708441,0.291871348,0
Maryland,2001,Maryland 2001,5374691,553.69228,0.927226112,0.659923,0.290527,4.191666667,88.1,1.695015955,37157,7.2,0.484581498,,,4.093258571,-0.240578522,0
Maryland,2002,Maryland 2002,5440389,560.46039,0.927225901,0.655623,0.292779,4.783333333,87.5,1.704348347,38170,7.4,0.488469602,,,4.282781985,-0.051055108,0
Maryland,2003,Maryland 2003,5496269,566.21706,0.948118039,0.651263,0.295083,4.791666667,87.6,1.71083293,39524,8.6,0.486761711,,,4.348404345,0.014567252,0
Maryland,2004,Maryland 2004,5546935,571.43659,0.947679207,0.646445,0.297825,4.608333333,87.4,1.741577105,41862,9.9,0.5,,,4.506993502,0.173156409,0
Maryland,2005,Maryland 2005,5592379,576.11816,0.94771773,0.641585,0.300535,4.483333333,86.9,1.753805491,43841,9.7,0.466101695,,,3.933925079,-0.399912014,0
Maryland,2006,Maryland 2006,5627367,579.72257,0.947506708,0.637045,0.303037,4.175,87.1,1.778296493,45932,8.4,0.480808081,,,4.229331408,-0.104505685,0
Maryland,2007,Maryland 2007,5653408,582.40527,0.946872424,0.63305,0.304985,3.708333333,87.4,1.798394526,47586,8.8,0.44980695,,,4.12140783,-0.212429263,0
Maryland,2008,Maryland 2008,5684965,585.65623,0.946516054,0.629673,0.306381,4.508333333,88,1.790562299,49428,8.7,0.518737673,,,4.626237804,0.292400711,0
Maryland,2009,Maryland 2009,5730388,590.33563,0.946210337,0.626104,0.307945,7.55,88.2,1.79402913,48755,9.6,0.457350272,,,4.39760798,0.063770887,0
Maryland,2010,Maryland 2010,5773552,594.78232,0.946610683,0.623683,0.308854,7.85,88.1,1.816059161,50005,10.9,0.442231076,,,3.845119954,-0.488717139,0
Maryland,2011,Maryland 2011,5828289,600.42124,0.946243915,0.621703,0.309266,7.3,88.9,1.80803663,52426,9.3,0.433691756,,,4.152161981,-0.181675112,0
Maryland,2012,Maryland 2012,5884563,606.2185,0.973593621,0.619174,0.30964,6.875,89.1,1.817266295,53534,9.9,0.466552316,,,4.622263369,0.288426276,0
Maryland,2013,Maryland 2013,5928814,610.77717,0.974098192,0.615949,0.31108,6.533333333,89.1,1.794089847,53039,10.5,0.451669596,,,4.334762399,0.000925306,0
Maryland,2014,Maryland 2014,5976407,615.68013,0.974364028,0.612082,0.312563,5.725,89.6,1.770981628,54670,9.8,0.45709571,,,4.634891834,0.301054741,0
Maryland,2015,Maryland 2015,6006401,618.77006,0.974796055,0.608109,0.314683,5.008333333,89.6,1.765388125,57007,9.6,0.441229656,,,4.062332835,-0.271504258,0
Maryland,2016,Maryland 2016,6016447,619.80499,0.974999198,0.604988,0.317079,4.283333333,90.1,1.780459796,58974,7.1,0.428327645,,,4.171897467,-0.161939626,0
Maryland,2017,Maryland 2017,6052177,623.48583,0.975039395,0.602003,0.31829,4.075,89.9,1.764601234,60714,7.6,0.43015873,,,4.477727601,0.143890508,0
Maryland,2018,Maryland 2018,6042718,622.51138,0.975264939,0.600423,0.319789,3.808333333,90.5,1.721900476,62642,8,0.409230769,,,4.401992613,0.06815552,0
Maryland,2019,Maryland 2019,6045680,622.81652,0.97524166,0.598257,0.321679,3.491666667,90.4,1.682353681,64541,7,0.407914764,,,4.432917389,0.099080296,0
Maryland,2020,Maryland 2020,,,,,,,,,,,,,,4.40899,0.075152907,0
Minnesota,1999,Minnesota 1999,4873481,61.20388,0.700982831,0.920275,0.037432,2.716666667,91.1,1.885429327,30318,7.3,0.52173913,0.389865068,-0.469535,4.678380812,-0.538830483,0
Minnesota,2000,Minnesota 2000,4919479,61.78154,0.702889473,0.916067,0.039644,3.05,90.8,1.898247762,32447,5.7,0.506818182,0.24392827,-0.615471798,4.533000344,-0.684210951,0
Minnesota,2001,Minnesota 2001,4982796,62.57671,0.704009256,0.912118,0.041892,3.766666667,92.6,1.920743294,33454,7.4,0.504166667,0.46,-0.399400067,4.856710971,-0.360500324,0
Minnesota,2002,Minnesota 2002,5018935,63.03057,0.70400859,0.908782,0.043792,4.475,92.2,1.941495955,33932,6.5,0.478873239,0.62,-0.239400067,4.742041887,-0.475169408,0
Minnesota,2003,Minnesota 2003,5053572,63.46556,0.72238231,0.905563,0.045728,4.783333333,91.6,1.959713248,35263,7.4,0.490945674,0.316607738,-0.542792329,4.828268005,-0.38894329,0
Minnesota,2004,Minnesota 2004,5087713,63.89432,0.722590149,0.902161,0.047741,4.6,92.3,2.018695827,37205,7,0.511450382,0.81,-0.049400067,5.267592728,0.050381433,0
Minnesota,2005,Minnesota 2005,5119598,64.29475,0.724025235,0.898652,0.049737,4.108333333,92.7,2.008827256,38111,8.1,0.466179159,0.68,-0.179400067,4.980859825,-0.23635147,0
Minnesota,2006,Minnesota 2006,5163555,64.84679,0.724905126,0.894827,0.052037,4.058333333,90.7,1.948509312,39754,8.2,0.438628159,0.48,-0.379400067,4.706060069,-0.511151226,0
Minnesota,2007,Minnesota 2007,5207203,65.39494,0.727558627,0.891078,0.054239,4.6,91,2.108203387,41720,9.3,0.463286713,0.42,-0.439400067,5.089104458,-0.128106837,0
Minnesota,2008,Minnesota 2008,5247018,65.89496,0.748050386,0.887661,0.056136,5.416666667,91.6,2.108937305,43104,9.9,0.484899329,0.99,0.130599933,5.507890387,0.290679092,0
Minnesota,2009,Minnesota 2009,5281203,66.32427,0.749535815,0.884825,0.057705,7.908333333,91.5,2.107084882,41015,11.1,0.481164384,1.14,0.280599933,5.320757411,0.103546116,0
Minnesota,2010,Minnesota 2010,5303925,66.60963,0.752111125,0.882766,0.058725,7.425,91.8,1.988259638,42605,10.8,0.462046205,1.09,0.230599933,5.279109339,0.061898044,0
Minnesota,2011,Minnesota 2011,5344861,67.12373,0.748794403,0.880503,0.05971,6.533333333,92,2.011863358,45345,10,0.471449488,1.1,0.240599933,6.024478466,0.807267171,0
Minnesota,2012,Minnesota 2012,5379139,67.55421,0.767671927,0.876821,0.06174,5.658333333,92.5,2.206251409,47851,10,0.472560976,1.36,0.500599933,5.763004079,0.545792784,0
Minnesota,2013,Minnesota 2013,5420380,68.07214,0.770898719,0.873395,0.063412,5.041666667,92.4,2.221276184,47932,11,0.5,2.07,1.210599933,6.254174062,1.036962767,0
Minnesota,2014,Minnesota 2014,5457173,68.5342,0.772649868,0.869213,0.065447,4.283333333,92.6,2.291212318,50243,8.3,0.448979592,1.58,0.720599933,5.643947883,0.426736588,0
Minnesota,2015,Minnesota 2015,5489594,68.94136,0.774933629,0.865824,0.066829,3.775,92.8,2.229661975,52336,7.8,0.416438356,1.55,0.690599933,5.537750151,0.320538856,0
Minnesota,2016,Minnesota 2016,5519952,69.32262,0.776275953,0.86244,0.069544,3.866666667,92.9,2.266480578,53058,8.7,0.445637584,1.88,1.020599933,6.014545054,0.797333759,0
Minnesota,2017,Minnesota 2017,5576606,70.03411,0.777386281,0.857111,0.072884,3.433333333,93.1,2.266760822,54930,8.5,0.466155811,2.22,1.360599933,6.545199715,1.32798842,0
Minnesota,2018,Minnesota 2018,5611179,70.4683,0.778434087,0.853908,0.075395,3.025,93.4,2.28440547,57346,7.9,0.48173207,1.92,1.060599933,6.344477694,1.127266399,0
Minnesota,2019,Minnesota 2019,5639632,70.82562,0.779152079,0.850865,0.077919,3.158333333,93.6,2.286597778,58830,5.7,0.421686747,1.42,0.560599933,6.206078694,0.988867399,0
Minnesota,2020,Minnesota 2020,,,,,,,,,,,,1.96,1.100599933,6.25736,1.040148705,0
New Jersey,1999,New Jersey 1999,8359592,1136.74,1,0.790612,0.147285,4.4,87.4,1.755311742,35989,7.8,0.346358792,0.29,,2.332649727,0.317225329,0
New Jersey,2000,New Jersey 2000,8414350,1144.19,1,0.787919,0.147542,3.658333333,87.3,1.77001646,39257,7.3,0.275,,,1.83020673,-0.185217668,0
New Jersey,2001,New Jersey 2001,8492671,1154.84,1,0.783277,0.148042,4.258333333,86.6,1.773509418,40306,8.1,0.284013605,,,1.966401383,-0.049023015,0
New Jersey,2002,New Jersey 2002,8552643,1162.99,1,0.779534,0.148354,5.775,85.9,1.809976051,40626,7.9,0.318264014,0.28,,2.057843406,0.042419008,0
New Jersey,2003,New Jersey 2003,8601402,1169.62,1,0.776001,0.148767,5.825,86.2,1.81438898,41425,8.6,0.31122449,,,2.127560135,0.112135737,0
New Jersey,2004,New Jersey 2004,8634561,1174.13,1,0.772558,0.149196,4.925,87.6,1.863586232,43208,8,0.309882747,,,2.14255247,0.127128072,0
New Jersey,2005,New Jersey 2005,8651974,1176.5,1,0.769083,0.149516,4.441666667,86.9,1.871166973,44775,6.8,0.253731343,,,1.571895616,-0.443528782,0
New Jersey,2006,New Jersey 2006,8661679,1177.82,1,0.765784,0.149931,4.633333333,86.1,1.896888929,48015,8.8,0.295726496,,,1.997303294,-0.018121104,0
New Jersey,2007,New Jersey 2007,8677885,1180.02,1,0.762312,0.150306,4.225,87,1.905055437,50723,8.7,0.276845638,,,1.901384957,-0.114039441,0
New Jersey,2008,New Jersey 2008,8711090,1184.54,1,0.758999,0.150578,5.45,87.4,1.922909647,52005,9.2,0.284552846,,,2.00893344,-0.006490958,0
New Jersey,2009,New Jersey 2009,8755602,1190.59,1,0.755629,0.151164,8.958333333,87.4,1.918793819,50149,9.3,0.31059246,,,1.975877844,-0.039546554,0
New Jersey,2010,New Jersey 2010,8791894,1195.53,1,0.753192,0.151677,9.658333333,88,1.934253416,51420,11.1,0.260083449,,,2.126959219,0.111534821,0
New Jersey,2011,New Jersey 2011,8821155,1199.5,1,0.750288,0.152303,9.35,88.1,1.947898886,53691,11.4,0.262699565,,,2.051885496,0.036461098,0
New Jersey,2012,New Jersey 2012,8864590,1205.41,1,0.746732,0.152851,9.383333333,88.3,1.971850926,55582,9.3,0.234260615,,,1.804934013,-0.210490385,0
New Jersey,2013,New Jersey 2013,8899339,1210.14,1,0.743736,0.153513,8.375,88.5,1.949319157,56048,9.9,0.256274769,,,2.179937184,0.164512786,0
New Jersey,2014,New Jersey 2014,8938175,1215.42,1,0.739892,0.154555,6.733333333,89.1,1.962624697,58651,11.3,0.246819338,,,2.170465447,0.155041049,0
New Jersey,2015,New Jersey 2015,8958013,1218.11,1,0.736356,0.155401,5.716666667,89.1,1.94875694,61136,11.2,0.239543726,,,2.109842886,0.094418488,0
New Jersey,2016,New Jersey 2016,8944469,1216.27,1,0.733928,0.156666,4.941666667,89.3,1.940023717,62823,9.4,0.256186317,,,1.967696461,-0.047727937,0
New Jersey,2017,New Jersey 2017,9005644,1224.59,1,0.731,0.156834,4.516666667,89.9,1.935384077,64964,9.9,0.256603774,,,2.265246106,0.249821708,0
New Jersey,2018,New Jersey 2018,8908520,1211.38,1,0.730874,0.157616,3.975,90.2,1.959909839,67801,8.2,0.248071979,,,2.166465361,0.151040963,0
New Jersey,2019,New Jersey 2019,8882190,1207.8,1,0.730094,0.158181,3.416666667,90.3,1.993616439,70399,6.3,0.227034121,,,1.947717849,-0.067706549,0
New Jersey,2020,New Jersey 2020,,,,,,,,,,,,,,2.03774,0.022315602,0
Rhode Island,1999,Rhode Island 1999,1040402,1006.19,0.921300706,0.908675,0.059884,4.208333333,80.9,1.86104698,28596,10,0.364583333,,,3.364084267,0.913560928,0
Rhode Island,2000,Rhode Island 2000,1048319,1013.85,0.92135123,0.905303,0.061902,3.991666667,81.3,1.889723452,30515,10.2,0.36,,,2.575551907,0.125028568,0
Rhode Island,2001,Rhode Island 2001,1057142,1022.38,0.938424055,0.901789,0.064068,4.45,78.7,1.928728591,31910,9.6,0.284090909,,,2.364866782,-0.085656558,0
Rhode Island,2002,Rhode Island 2002,1065995,1030.94,0.938425296,0.898364,0.066103,5.091666667,80.1,1.963904146,32958,11,0.348837209,,,2.814272112,0.363748773,0
Rhode Island,2003,Rhode Island 2003,1071342,1036.11,1,0.895018,0.068164,5.566666667,81,2.009922135,34512,11.5,0.142857143,,,1.120090503,-1.330432837,0
Rhode Island,2004,Rhode Island 2004,1074579,1039.24,1,0.891864,0.070297,5.25,81.1,1.998403096,36207,11.5,0.258823529,,,2.047313413,-0.403209927,0
Rhode Island,2005,Rhode Island 2005,1067916,1032.8,1,0.888851,0.072133,5.108333333,83.9,1.901330254,37220,12.1,0.267605634,,,1.779166152,-0.671357188,0
Rhode Island,2006,Rhode Island 2006,1063096,1028.14,1,0.886443,0.073758,5.241666667,82.4,2.004340154,39236,10.5,0.3,,,2.539751819,0.08922848,0
Rhode Island,2007,Rhode Island 2007,1057315,1022.55,1,0.883687,0.075749,5.091666667,83,2.045267494,41042,9.5,0.25,,,2.269900645,-0.180622695,0
Rhode Island,2008,Rhode Island 2008,1055003,1020.31,1,0.880927,0.077349,7.575,83.7,2.05506809,41755,12.7,0.209090909,,,2.180088587,-0.270434753,0
Rhode Island,2009,Rhode Island 2009,1053646,1019,1,0.878055,0.079078,11.425,84.7,2.07207639,40766,13,0.338983051,,,3.796341466,1.345818127,0
Rhode Island,2010,Rhode Island 2010,1052567,1017.96,1,0.876268,0.080248,11.65833333,83.5,2.140818589,42942,14,0.23255814,,,2.850174858,0.399651519,0
Rhode Island,2011,Rhode Island 2011,1051302,1016.73,1,0.874662,0.081029,11.03333333,84.8,2.153007414,44663,13.4,0.198019802,,,1.902402925,-0.548120415,0
Rhode Island,2012,Rhode Island 2012,1050292,1015.76,1,0.871277,0.082794,10.25,86.1,2.184799084,46270,13.6,0.247619048,,,2.475502051,0.024978711,0
Rhode Island,2013,Rhode Island 2013,1051511,1016.94,1,0.868444,0.084141,9.475,85.9,2.168211269,46205,9.3,0.257575758,,,3.233442161,0.782918822,0
Rhode Island,2014,Rhode Island 2014,1055173,1020.48,1,0.863885,0.086767,7.766666667,85.8,2.023417013,48143,11.3,0.17699115,,,1.895423784,-0.555099556,0
Rhode Island,2015,Rhode Island 2015,1056298,1021.56,1,0.86054,0.088777,6.05,87.7,2.136446344,49901,11.8,0.31496063,,,3.786810162,1.336286823,0
Rhode Island,2016,Rhode Island 2016,1056426,1021.69,1,0.857693,0.091306,5.2,88.5,2.181328366,50604,11.4,0.277777778,,,3.313057422,0.862534083,0
Rhode Island,2017,Rhode Island 2017,1059639,1024.8,1,0.854282,0.093088,4.483333333,88.3,2.206992193,52600,11.3,0.255813953,,,3.114268161,0.663744822,0
Rhode Island,2018,Rhode Island 2018,1057315,1022.55,1,0.852835,0.094519,4.083333333,89.1,2.243720178,54377,8.9,0.216981132,,,2.175321451,-0.275201889,0
Rhode Island,2019,Rhode Island 2019,1059361,1024.53,1,0.849933,0.096255,3.6,89.3,2.198616902,56426,9.2,0.268292683,,,3.115085415,0.664562076,0
Rhode Island,2020,Rhode Island 2020,,,,,,,,,,,,,,2.83789,0.38736666,0
Wisconsin,1999,Wisconsin 1999,5332666,98.46497,0.678620571,0.9141,0.059113,3.083333333,86.8,2.187364631,28020,8.6,0.504215852,2.29,-0.69625,5.60695157,-0.370776602,0
Wisconsin,2000,Wisconsin 2000,5363675,99.03754,0.676209502,0.911899,0.060052,3.383333333,86.7,2.226341641,29648,9.3,0.515254237,2.72,-0.26625,5.667755783,-0.309972389,0
Wisconsin,2001,Wisconsin 2001,5406835,99.83447,0.678363341,0.909609,0.061321,4.425,87,2.225060132,30911,7.9,0.496087637,2.76,-0.22625,5.862949396,-0.114778776,0
Wisconsin,2002,Wisconsin 2002,5445162,100.54215,0.678636462,0.907675,0.062349,5.316666667,86.8,2.287099264,31510,8.6,0.49122807,2.5,-0.48625,5.656397367,-0.321330805,0
Wisconsin,2003,Wisconsin 2003,5479203,101.1707,0.722733352,0.905929,0.063212,5.625,88.6,2.291809776,32172,9.8,0.479134467,2.65,-0.33625,5.657757159,-0.319971013,0
Wisconsin,2004,Wisconsin 2004,5514026,101.81369,0.722904194,0.904343,0.063973,4.983333333,88.8,2.320520796,33421,12.4,0.465256798,2.76,-0.22625,5.585755308,-0.391972864,0
Wisconsin,2005,Wisconsin 2005,5546166,102.40714,0.723032997,0.902574,0.064868,4.75,90.4,2.409791557,34434,10.2,0.469673406,2.9,-0.08625,5.445203047,-0.532525125,0
Wisconsin,2006,Wisconsin 2006,5577655,102.98857,0.722903746,0.900758,0.065822,4.65,88.4,2.443288801,36332,10.1,0.446268657,2.55,-0.43625,5.360675768,-0.617052404,0
Wisconsin,2007,Wisconsin 2007,5610775,103.60011,0.723655751,0.89889,0.066784,4.825,89,2.453694008,37778,11,0.463648834,3.15,0.16375,6.024123227,0.046395055,0
Wisconsin,2008,Wisconsin 2008,5640996,104.15813,0.728468735,0.89704,0.067718,4.95,89.6,2.463056524,38910,9.8,0.462987887,3.01,0.02375,6.098213862,0.12048569,0
Wisconsin,2009,Wisconsin 2009,5669264,104.68008,0.729810953,0.895215,0.068671,8.966666667,89.8,2.428105659,38070,10.8,0.476519337,3.35,0.36375,6.085446012,0.10771784,0
Wisconsin,2010,Wisconsin 2010,5686986,105.00731,0.731931994,0.893841,0.069365,8.508333333,90.1,2.408821474,38996,10.1,0.47667087,3.32,0.33375,6.646754537,0.669026365,0
Wisconsin,2011,Wisconsin 2011,5711767,105.46488,0.728343961,0.892301,0.069986,7.566666667,90.4,2.449226483,41170,13.1,0.47114094,3.17,0.18375,6.145208654,0.167480482,0
Wisconsin,2012,Wisconsin 2012,5726398,105.73503,0.735789933,0.890879,0.070507,6.933333333,90.7,2.481424274,43027,11.4,0.481327801,3.28,0.29375,6.077118635,0.099390463,0
Wisconsin,2013,Wisconsin 2013,5742713,106.03628,0.737717173,0.889464,0.070975,6.683333333,90.9,2.4674834,43176,13.5,0.514117647,4.02,1.03375,7.609643735,1.631915563,0
Wisconsin,2014,Wisconsin 2014,5757564,106.3105,0.738431566,0.887526,0.071469,5.341666667,91.4,2.457979972,44930,10.9,0.457737321,3.35,0.36375,6.113696695,0.135968523,0
Wisconsin,2015,Wisconsin 2015,5771337,106.56481,0.739634854,0.88562,0.072016,4.441666667,91.4,2.464739453,46843,11.4,0.483466363,4.37,1.38375,7.346651218,1.368923046,1
Wisconsin,2016,Wisconsin 2016,5778708,106.70091,0.740902984,0.884614,0.072195,3.908333333,91.9,2.472520847,47577,10.7,0.525404157,5.24,2.25375,7.873732329,1.896004157,1
Wisconsin,2017,Wisconsin 2017,5795483,107.01065,0.741421379,0.882964,0.072843,3.283333333,92.4,2.479991055,49239,9.2,0.469762419,5.16,2.17375,7.505845501,1.528117329,1
Wisconsin,2018,Wisconsin 2018,5813568,107.34458,0.747165768,0.880939,0.073453,3.016666667,92.1,2.438745019,51611,8.6,0.472972973,4.66,1.67375,7.224479012,1.24675084,1
Wisconsin,2019,Wisconsin 2019,5822434,107.50829,0.747270987,0.880535,0.073771,3.266666667,92.8,2.457403381,53207,8.4,0.505325444,5.1,2.11375,7.333702709,1.355974537,1
Wisconsin,2020,Wisconsin 2020,5832655,,,,,,,,,,,4.95,1.96375,7.57802,1.600291828,1
